{
  "config": {
    "grid_width": 512,
    "grid_height": 512,
    "canvas_padding": 16,
    "sdf_clip_value": 64.0,
    "corner_sigma": 2.5,
    "corner_angle_threshold_deg": 140.0,
    "corner_polygon_simplify_ratio": 0.01,
    "min_polygon_area_pixels": 3.0,
    "contour_approx_epsilon_ratio": 0.002,
    "layer_order_preference": [
      "top",
      "middle",
      "bottom"
    ],
    "overlay_boundary_thickness": 1
  },
  "input_folder": "D:\\博士期间发表论文\\辰轩-秀如-其宁_合著论文\\★3.18数据预处理\\★3.18边界提取ALL",
  "output_folder": "D:\\博士期间发表论文\\辰轩-秀如-其宁_合著论文\\★3.18数据预处理\\★3.18A步骤处理ALL",
  "processed_file_count": 1200,
  "failed_file_count": 0,
  "errors": [],
  "overall_layer_metrics": {
    "mask_iou": {
      "count": 3600,
      "mean": 0.9955064224003869,
      "std": 0.002671403350004476,
      "min": 0.9800399201596807,
      "max": 1.0,
      "median": 0.9960236351375111
    },
    "mask_dice": {
      "count": 3600,
      "mean": 0.9977463521337692,
      "std": 0.0013443128085032208,
      "min": 0.9899193548387096,
      "max": 1.0,
      "median": 0.998007856824694
    },
    "area_relative_error": {
      "count": 3600,
      "mean": 0.0010329929491567965,
      "std": 0.0010452581456185425,
      "min": 0.0,
      "max": 0.009532760472610096,
      "median": 0.0007035069532279478
    },
    "centroid_distance_normalized": {
      "count": 3600,
      "mean": 0.0001502661917659028,
      "std": 0.00015120682194755416,
      "min": 0.0,
      "max": 0.0015251950266563518,
      "median": 0.00010115170443707944
    },
    "boundary_chamfer_normalized": {
      "count": 3600,
      "mean": 0.0001335152934989941,
      "std": 6.807791801117755e-05,
      "min": 0.0,
      "max": 0.000429411334476331,
      "median": 0.00012421699572587327
    },
    "boundary_hausdorff_normalized": {
      "count": 3600,
      "mean": 0.001832366653852304,
      "std": 0.000377240868408975,
      "min": 0.0,
      "max": 0.0030340679891467472,
      "median": 0.0019334950718797404
    },
    "polygon_count_abs_diff": {
      "count": 3600,
      "mean": 0.0,
      "std": 0.0,
      "min": 0.0,
      "max": 0.0,
      "median": 0.0
    },
    "corner_count": {
      "count": 3600,
      "mean": 5.496388888888889,
      "std": 2.9235610447019513,
      "min": 2.0,
      "max": 35.0,
      "median": 5.0
    }
  },
  "overall_sample_metrics": {
    "mean_mask_iou": {
      "count": 1200,
      "mean": 0.9955064224003869,
      "std": 0.0011516382298681085,
      "min": 0.9904171723331122,
      "max": 0.9980662001561291,
      "median": 0.9956479464373158
    },
    "mean_mask_dice": {
      "count": 1200,
      "mean": 0.9977463521337692,
      "std": 0.0005800033802966059,
      "min": 0.9951722105895159,
      "max": 0.9990321125924712,
      "median": 0.9978178917163365
    },
    "mean_area_relative_error": {
      "count": 1200,
      "mean": 0.0010329929491567965,
      "std": 0.0005628977689005506,
      "min": 7.968381462357365e-05,
      "max": 0.003701483874799969,
      "median": 0.0009330999135099499
    },
    "mean_centroid_distance_normalized": {
      "count": 1200,
      "mean": 0.0001502661917659028,
      "std": 8.239941630236172e-05,
      "min": 1.9338972328444085e-05,
      "max": 0.0006047588095578622,
      "median": 0.0001319469497602311
    },
    "mean_boundary_chamfer_normalized": {
      "count": 1200,
      "mean": 0.00013351529349899408,
      "std": 2.752082507589299e-05,
      "min": 6.132539840756323e-05,
      "max": 0.00022913979410814104,
      "median": 0.00013111744588157194
    },
    "mean_boundary_hausdorff_normalized": {
      "count": 1200,
      "mean": 0.0018323666538523043,
      "std": 0.00020366932765271062,
      "min": 0.0013810679320049755,
      "max": 0.002762135864009951,
      "median": 0.0017493526919214854
    }
  },
  "per_vertical_rank": {
    "top": {
      "mask_iou": {
        "count": 1200,
        "mean": 0.9941771677630186,
        "std": 0.002656792171220668,
        "min": 0.9802184466019418,
        "max": 0.9989034336234666,
        "median": 0.9948065467615704
      },
      "mask_dice": {
        "count": 1200,
        "mean": 0.9970782991724074,
        "std": 0.0013387777516518878,
        "min": 0.9900104185818471,
        "max": 0.9994514160323664,
        "median": 0.9973965128362607
      },
      "area_relative_error": {
        "count": 1200,
        "mean": 0.00136302430609282,
        "std": 0.0012859151260219972,
        "min": 0.0,
        "max": 0.009532760472610096,
        "median": 0.0009672576741637533
      },
      "centroid_distance_normalized": {
        "count": 1200,
        "mean": 0.00020436166095266322,
        "std": 0.000176047901350166,
        "min": 8.425937557572245e-07,
        "max": 0.0015251950266563518,
        "median": 0.00014766646629685548
      },
      "boundary_chamfer_normalized": {
        "count": 1200,
        "mean": 0.00018846810519294765,
        "std": 6.615456667089103e-05,
        "min": 3.658458094619221e-05,
        "max": 0.000429411334476331,
        "median": 0.00017974083824790442
      },
      "boundary_hausdorff_normalized": {
        "count": 1200,
        "mean": 0.0020122052525064975,
        "std": 0.00043088325446913805,
        "min": 0.0013810679320049755,
        "max": 0.0030340679891467472,
        "median": 0.0019334950718797404
      },
      "polygon_count_abs_diff": {
        "count": 1200,
        "mean": 0.0,
        "std": 0.0,
        "min": 0.0,
        "max": 0.0,
        "median": 0.0
      },
      "corner_count": {
        "count": 1200,
        "mean": 5.96,
        "std": 2.958896190586392,
        "min": 2.0,
        "max": 32.0,
        "median": 5.0
      }
    },
    "middle": {
      "mask_iou": {
        "count": 1200,
        "mean": 0.9947336841664794,
        "std": 0.002509521116737876,
        "min": 0.9800399201596807,
        "max": 0.9988951337848874,
        "median": 0.995211304270446
      },
      "mask_dice": {
        "count": 1200,
        "mean": 0.9973583001724364,
        "std": 0.0012639084013370129,
        "min": 0.9899193548387096,
        "max": 0.9994472615414194,
        "median": 0.9975999054681826
      },
      "area_relative_error": {
        "count": 1200,
        "mean": 0.0011076628443341013,
        "std": 0.0010017542546108366,
        "min": 0.0,
        "max": 0.007648617947747066,
        "median": 0.0008135408958450346
      },
      "centroid_distance_normalized": {
        "count": 1200,
        "mean": 0.00014182798209373814,
        "std": 0.00013455229937907678,
        "min": 8.880905687656207e-07,
        "max": 0.0010274683700124926,
        "median": 0.00010378562859223768
      },
      "boundary_chamfer_normalized": {
        "count": 1200,
        "mean": 0.0001386476285927814,
        "std": 4.472650285312634e-05,
        "min": 2.0352580408033336e-05,
        "max": 0.00031585028344827885,
        "median": 0.00013582778622879814
      },
      "boundary_hausdorff_normalized": {
        "count": 1200,
        "mean": 0.0017254141829385029,
        "std": 0.0002781616798260357,
        "min": 0.0013810679320049755,
        "max": 0.002762135864009951,
        "median": 0.0019334950718797404
      },
      "polygon_count_abs_diff": {
        "count": 1200,
        "mean": 0.0,
        "std": 0.0,
        "min": 0.0,
        "max": 0.0,
        "median": 0.0
      },
      "corner_count": {
        "count": 1200,
        "mean": 5.9075,
        "std": 3.8408693134931498,
        "min": 2.0,
        "max": 35.0,
        "median": 5.0
      }
    },
    "bottom": {
      "mask_iou": {
        "count": 1200,
        "mean": 0.9976084152716628,
        "std": 0.00112717806882088,
        "min": 0.9907941742236879,
        "max": 1.0,
        "median": 0.9977530959769524
      },
      "mask_dice": {
        "count": 1200,
        "mean": 0.998802457056464,
        "std": 0.000565246649181219,
        "min": 0.9953758023328042,
        "max": 1.0,